account_id,account_name,industry,country,signup_date,referral_source,plan_tier,seats,is_trial,churn_flag
A-2e4581,Company_0,EdTech,US,16-10-2024,partner,Basic,9,False,False
A-43a9e3,Company_1,FinTech,IN,17-08-2023,other,Basic,18,False,True
A-0a282f,Company_2,DevTools,US,27-08-2024,organic,Basic,1,False,False
A-1f0ac7,Company_3,HealthTech,UK,27-08-2023,other,Basic,24,True,False
A-ce550d,Company_4,HealthTech,US,27-10-2024,event,Enterprise,35,False,True
A-1b9609,Company_5,EdTech,IN,12-10-2023,ads,Enterprise,4,False,False
A-a0ca4e,Company_6,Cybersecurity,US,08-03-2024,ads,Pro,11,False,False
A-e5d6ab,Company_7,EdTech,US,15-04-2023,partner,Pro,3,False,False
A-7dacce,Company_8,Cybersecurity,CA,10-09-2024,event,Enterprise,12,False,True
A-10b8da,Company_9,DevTools,US,08-05-2023,partner,Enterprise,14,False,True
A-592832,Company_10,Cybersecurity,US,25-09-2024,organic,Basic,18,False,True
A-d40bf7,Company_11,FinTech,IN,08-11-2024,organic,Basic,59,False,False
A-6c093d,Company_12,DevTools,US,14-04-2023,partner,Basic,7,True,False
A-462d45,Company_13,Cybersecurity,US,15-01-2024,partner,Enterprise,11,True,False
A-956988,Company_14,EdTech,UK,30-11-2024,ads,Enterprise,1,False,False
A-ac14bb,Company_15,FinTech,US,08-09-2023,partner,Enterprise,21,False,False
A-463db0,Company_16,HealthTech,US,05-12-2024,partner,Basic,15,False,False
A-ce66f8,Company_17,EdTech,CA,23-08-2023,event,Pro,29,False,False
A-c4ea60,Company_18,FinTech,DE,09-03-2023,other,Enterprise,18,False,True
A-832ec2,Company_19,FinTech,UK,19-11-2023,event,Enterprise,4,True,False
A-684255,Company_20,FinTech,US,14-04-2024,ads,Enterprise,9,False,False
A-c42f1f,Company_21,HealthTech,US,28-07-2024,other,Pro,8,False,False
A-4e44e8,Company_22,DevTools,US,20-08-2024,ads,Enterprise,3,False,True
A-30b4ca,Company_23,EdTech,IN,20-05-2024,organic,Basic,86,False,True
A-9f2731,Company_24,FinTech,IN,04-10-2024,event,Enterprise,1,False,False
A-32fb14,Company_25,DevTools,US,07-03-2023,event,Enterprise,26,False,True
A-00cac8,Company_26,HealthTech,AU,15-09-2023,organic,Enterprise,8,True,False
A-35083d,Company_27,HealthTech,IN,28-04-2023,partner,Basic,19,False,True
A-eb7fac,Company_28,DevTools,US,28-10-2023,organic,Enterprise,7,False,False
A-b20d99,Company_29,HealthTech,IN,27-09-2023,other,Basic,20,False,False
A-396e5f,Company_30,Cybersecurity,CA,02-10-2024,other,Enterprise,2,False,False
A-45ce7a,Company_31,FinTech,US,23-07-2023,ads,Enterprise,16,False,False
A-08e34e,Company_32,EdTech,US,27-06-2024,event,Basic,14,False,True
A-8145a0,Company_33,Cybersecurity,AU,25-04-2023,partner,Basic,2,True,False
A-bad8c1,Company_34,FinTech,AU,01-03-2023,organic,Basic,7,False,False
A-44dc83,Company_35,EdTech,FR,12-05-2024,other,Basic,5,False,False
A-f446b6,Company_36,DevTools,DE,12-05-2023,ads,Pro,5,True,False
A-a45270,Company_37,HealthTech,US,24-06-2024,ads,Enterprise,3,False,False
A-854864,Company_38,FinTech,IN,07-12-2024,event,Enterprise,20,False,False
A-1b7577,Company_39,Cybersecurity,US,27-10-2024,other,Pro,4,False,False
A-05f0e5,Company_40,FinTech,US,04-05-2023,partner,Basic,32,False,False
A-9077b0,Company_41,HealthTech,US,25-08-2024,ads,Basic,2,False,False
A-7f8241,Company_42,EdTech,US,14-03-2023,organic,Pro,34,False,True
A-2bc93d,Company_43,HealthTech,US,14-03-2023,event,Basic,14,False,False
A-f3ff05,Company_44,FinTech,IN,06-07-2024,other,Enterprise,2,False,False
A-2d4502,Company_45,FinTech,IN,29-04-2024,event,Basic,7,False,False
A-6a4e2d,Company_46,EdTech,UK,07-04-2023,partner,Pro,9,False,False
A-eb7c38,Company_47,DevTools,AU,25-02-2024,organic,Enterprise,5,False,False
A-c37601,Company_48,EdTech,US,31-10-2024,partner,Basic,6,True,False
A-3b5cd1,Company_49,FinTech,US,12-09-2023,event,Basic,13,True,False
A-b2225d,Company_50,FinTech,US,08-03-2024,ads,Basic,47,False,True
A-94f8c9,Company_51,HealthTech,US,29-03-2024,other,Basic,13,False,False
A-02fac6,Company_52,FinTech,US,06-04-2023,event,Pro,22,False,False
A-c1dfe1,Company_53,DevTools,DE,07-08-2023,ads,Pro,26,False,False
A-32728c,Company_54,DevTools,US,03-01-2023,event,Pro,20,False,True
A-4c38bc,Company_55,HealthTech,UK,09-03-2024,event,Basic,36,False,True
A-1b707d,Company_56,Cybersecurity,US,14-07-2023,organic,Enterprise,1,False,False
A-6f8ad2,Company_57,EdTech,IN,09-07-2024,organic,Basic,1,False,False
A-4d1e75,Company_58,DevTools,US,21-08-2024,other,Basic,20,False,False
A-9ee962,Company_59,HealthTech,US,28-02-2023,ads,Basic,9,False,True
A-378b99,Company_60,EdTech,UK,01-09-2024,ads,Pro,8,True,False
A-94d3da,Company_61,HealthTech,US,03-05-2023,other,Basic,41,False,False
A-e351e1,Company_62,EdTech,US,26-09-2024,other,Enterprise,33,False,False
A-9badbd,Company_63,Cybersecurity,DE,19-06-2024,ads,Enterprise,5,True,False
A-7e0a10,Company_64,FinTech,US,18-11-2023,ads,Enterprise,46,False,False
A-118d55,Company_65,Cybersecurity,US,22-10-2024,organic,Basic,8,False,False
A-526d93,Company_66,HealthTech,FR,14-04-2024,organic,Basic,43,False,False
A-f92792,Company_67,FinTech,US,04-07-2024,ads,Pro,1,False,False
A-84ebe4,Company_68,FinTech,US,12-03-2023,ads,Pro,18,True,True
A-5b4ebb,Company_69,Cybersecurity,UK,10-07-2024,other,Basic,21,True,True
A-2922b6,Company_70,HealthTech,US,14-11-2024,organic,Basic,15,False,False
A-9b9fe9,Company_71,EdTech,AU,28-09-2023,other,Basic,5,False,False
A-a8b49c,Company_72,Cybersecurity,UK,06-10-2023,partner,Basic,7,False,False
A-9174e0,Company_73,Cybersecurity,US,04-12-2024,partner,Basic,37,False,False
A-a1bbb6,Company_74,DevTools,CA,05-04-2023,organic,Basic,1,False,False
A-c45b23,Company_75,FinTech,UK,08-12-2023,partner,Basic,5,False,False
A-02cd81,Company_76,HealthTech,IN,28-03-2024,other,Basic,44,False,False
A-ee42db,Company_77,EdTech,DE,25-04-2023,ads,Enterprise,13,False,False
A-432483,Company_78,Cybersecurity,US,06-02-2023,ads,Pro,4,False,False
A-9208f0,Company_79,EdTech,US,11-05-2023,organic,Pro,1,False,True
A-98a59a,Company_80,FinTech,UK,04-08-2023,partner,Enterprise,56,False,False
A-fe79a5,Company_81,HealthTech,IN,21-02-2024,ads,Basic,9,True,False
A-726cfa,Company_82,DevTools,US,01-07-2023,partner,Pro,11,False,False
A-c43359,Company_83,FinTech,US,16-11-2024,organic,Pro,38,False,False
A-271f46,Company_84,DevTools,US,09-02-2023,event,Pro,38,False,True
A-157070,Company_85,FinTech,US,09-11-2023,ads,Pro,16,False,False
A-40a557,Company_86,Cybersecurity,AU,03-12-2023,partner,Pro,16,True,False
A-66224b,Company_87,HealthTech,US,18-10-2024,other,Pro,92,True,False
A-91e948,Company_88,EdTech,AU,29-01-2023,partner,Basic,41,False,False
A-104f1a,Company_89,Cybersecurity,US,17-08-2024,other,Pro,24,False,False
A-7988d1,Company_90,Cybersecurity,US,20-12-2023,other,Basic,33,False,False
A-faa28c,Company_91,HealthTech,US,30-01-2024,organic,Enterprise,48,False,False
A-f25509,Company_92,EdTech,US,22-03-2024,other,Enterprise,32,False,False
A-3a7284,Company_93,FinTech,US,17-11-2024,organic,Enterprise,31,False,False
A-3a5ad8,Company_94,HealthTech,US,05-12-2023,organic,Enterprise,9,True,False
A-65a46c,Company_95,HealthTech,US,04-11-2023,event,Pro,1,False,False
A-8b25f2,Company_96,Cybersecurity,US,17-02-2024,ads,Pro,6,False,True
A-fabe19,Company_97,DevTools,UK,11-11-2024,ads,Enterprise,1,False,False
A-adc1f3,Company_98,Cybersecurity,US,05-08-2024,organic,Pro,2,False,False
A-503d5a,Company_99,FinTech,US,21-10-2023,other,Enterprise,4,False,True
A-fd7ad3,Company_100,Cybersecurity,US,01-11-2024,event,Enterprise,1,False,False
A-186a44,Company_101,HealthTech,US,07-08-2023,ads,Enterprise,20,False,False
A-e888d1,Company_102,Cybersecurity,US,28-03-2023,other,Pro,14,False,False
A-69fad4,Company_103,FinTech,UK,06-04-2023,ads,Basic,6,False,True
A-9289f6,Company_104,EdTech,US,31-05-2023,event,Enterprise,1,False,False
A-f19409,Company_105,DevTools,US,16-03-2023,other,Basic,23,False,True
A-22f2df,Company_106,DevTools,US,14-12-2024,ads,Basic,3,False,False
A-039727,Company_107,EdTech,AU,02-11-2024,organic,Pro,25,False,False
A-2e3bad,Company_108,FinTech,CA,13-08-2023,other,Pro,61,False,False
A-484819,Company_109,HealthTech,US,21-02-2023,organic,Pro,18,False,False
A-425e76,Company_110,DevTools,UK,17-05-2023,other,Enterprise,8,False,True
A-e83938,Company_111,DevTools,UK,21-11-2023,other,Pro,2,True,True
A-ad296b,Company_112,DevTools,AU,15-07-2024,event,Pro,38,False,False
A-e51ec7,Company_113,FinTech,CA,23-09-2023,partner,Enterprise,2,False,False
A-0aaf6e,Company_114,FinTech,US,11-05-2024,organic,Enterprise,3,False,False
A-e61e98,Company_115,FinTech,US,20-10-2023,partner,Enterprise,19,False,True
A-92a333,Company_116,FinTech,US,24-03-2023,event,Enterprise,9,False,False
A-95b24a,Company_117,FinTech,US,06-06-2023,event,Pro,38,False,True
A-42e5e1,Company_118,DevTools,US,09-07-2024,ads,Pro,1,False,True
A-7d514c,Company_119,HealthTech,DE,03-02-2024,organic,Enterprise,17,False,False
A-65aeb5,Company_120,DevTools,US,25-01-2024,partner,Pro,9,False,False
A-e2cd1b,Company_121,DevTools,US,04-02-2024,other,Enterprise,15,False,False
A-180abf,Company_122,DevTools,US,14-08-2023,event,Pro,64,False,True
A-f17767,Company_123,DevTools,US,30-01-2023,event,Enterprise,1,True,True
A-5a184f,Company_124,DevTools,DE,19-06-2023,other,Enterprise,1,False,True
A-7df7a7,Company_125,DevTools,US,28-01-2023,organic,Basic,7,False,True
A-1ac5e0,Company_126,DevTools,US,20-10-2024,event,Basic,33,False,True
A-52dd88,Company_127,Cybersecurity,US,21-02-2023,ads,Pro,23,False,False
A-bece89,Company_128,Cybersecurity,IN,01-12-2023,event,Pro,26,False,False
A-029f69,Company_129,Cybersecurity,CA,07-03-2024,event,Basic,3,False,False
A-5c046d,Company_130,EdTech,FR,06-07-2024,partner,Basic,93,False,False
A-fb186e,Company_131,EdTech,IN,27-10-2024,organic,Basic,29,False,False
A-ae052e,Company_132,FinTech,CA,11-09-2023,other,Basic,39,False,False
A-9f9299,Company_133,FinTech,US,02-09-2023,organic,Enterprise,28,True,False
A-96e141,Company_134,DevTools,UK,12-08-2023,partner,Basic,14,False,False
A-117171,Company_135,HealthTech,FR,12-09-2024,organic,Basic,45,False,True
A-313be3,Company_136,EdTech,US,15-11-2023,partner,Enterprise,47,True,False
A-671f31,Company_137,DevTools,US,24-11-2024,ads,Basic,59,False,False
A-bbc346,Company_138,FinTech,US,29-08-2024,partner,Enterprise,19,False,False
A-c16101,Company_139,EdTech,IN,06-09-2024,other,Basic,7,False,False
A-50f3f7,Company_140,HealthTech,US,22-12-2023,partner,Basic,31,False,True
A-7da956,Company_141,Cybersecurity,US,02-06-2024,event,Pro,13,True,False
A-019782,Company_142,DevTools,FR,19-04-2023,event,Enterprise,11,False,False
A-df10db,Company_143,DevTools,US,06-06-2023,other,Enterprise,2,True,False
A-3932db,Company_144,HealthTech,CA,04-10-2023,other,Pro,19,True,True
A-4f18f0,Company_145,DevTools,CA,21-04-2024,other,Pro,24,True,False
A-4c6f11,Company_146,FinTech,CA,27-11-2023,organic,Pro,24,True,True
A-8ae05d,Company_147,FinTech,IN,06-04-2024,other,Enterprise,86,False,False
A-b78bf8,Company_148,DevTools,US,15-11-2024,event,Pro,33,False,False
A-eafc6e,Company_149,DevTools,US,06-07-2023,partner,Pro,27,False,True
A-37f969,Company_150,HealthTech,IN,14-10-2023,partner,Enterprise,30,False,False
A-10b8f2,Company_151,HealthTech,DE,11-01-2023,organic,Basic,47,True,False
A-439b2f,Company_152,DevTools,US,21-02-2024,ads,Enterprise,1,False,True
A-544d0a,Company_153,DevTools,US,02-05-2024,organic,Basic,2,True,False
A-ba6516,Company_154,FinTech,US,29-10-2023,ads,Pro,27,False,False
A-712426,Company_155,HealthTech,US,10-11-2024,other,Enterprise,9,False,False
A-038089,Company_156,DevTools,FR,19-12-2023,other,Pro,5,False,True
A-afa505,Company_157,DevTools,US,27-12-2023,partner,Basic,70,True,False
A-d5a319,Company_158,FinTech,US,04-05-2023,other,Enterprise,15,False,True
A-f97b9a,Company_159,FinTech,US,09-07-2023,event,Pro,16,False,False
A-2f6a32,Company_160,HealthTech,US,26-08-2024,organic,Basic,19,False,False
A-856b1e,Company_161,FinTech,US,31-10-2023,partner,Basic,19,False,False
A-17939a,Company_162,HealthTech,US,26-12-2024,organic,Basic,1,False,False
A-d27f50,Company_163,Cybersecurity,UK,20-07-2024,ads,Enterprise,44,False,False
A-e36807,Company_164,EdTech,AU,17-05-2024,other,Pro,6,False,False
A-ff79f2,Company_165,DevTools,US,25-04-2024,ads,Basic,8,False,True
A-5b1bcd,Company_166,DevTools,US,16-09-2023,organic,Pro,73,False,False
A-71615e,Company_167,EdTech,US,18-05-2024,organic,Basic,15,False,False
A-794a0b,Company_168,HealthTech,DE,02-06-2023,organic,Basic,23,False,False
A-86902e,Company_169,HealthTech,IN,02-05-2023,other,Enterprise,34,False,False
A-0532a9,Company_170,FinTech,IN,25-09-2024,event,Pro,19,False,False
A-9779ad,Company_171,Cybersecurity,AU,29-03-2024,event,Pro,40,True,True
A-f45426,Company_172,HealthTech,US,05-08-2024,organic,Basic,9,False,False
A-c1e51e,Company_173,FinTech,US,02-10-2024,organic,Basic,3,False,False
A-fa3095,Company_174,FinTech,US,03-09-2023,ads,Basic,70,False,False
A-ad64c6,Company_175,DevTools,UK,23-02-2024,event,Pro,12,False,False
A-39b19f,Company_176,FinTech,US,03-02-2023,partner,Enterprise,1,False,False
A-56962b,Company_177,EdTech,UK,09-04-2024,partner,Enterprise,163,False,False
A-e60f9d,Company_178,FinTech,US,26-08-2024,other,Basic,29,False,False
A-88c6ca,Company_179,FinTech,DE,25-10-2024,ads,Basic,5,False,True
A-158f4e,Company_180,FinTech,IN,03-03-2023,other,Enterprise,61,False,False
A-5b051a,Company_181,Cybersecurity,US,05-08-2024,event,Enterprise,22,False,False
A-296d7c,Company_182,DevTools,DE,08-11-2023,other,Enterprise,2,False,False
A-1619f8,Company_183,DevTools,US,20-05-2024,organic,Pro,29,False,False
A-a1b80b,Company_184,HealthTech,US,27-11-2023,organic,Basic,16,False,False
A-139c3b,Company_185,HealthTech,US,21-11-2024,organic,Enterprise,10,True,True
A-702032,Company_186,HealthTech,US,03-10-2023,ads,Pro,28,False,False
A-7a0d69,Company_187,DevTools,DE,15-06-2024,ads,Enterprise,4,True,True
A-22d9d2,Company_188,DevTools,FR,22-03-2024,event,Pro,8,False,False
A-b9eed8,Company_189,Cybersecurity,US,23-02-2024,organic,Basic,11,False,False
A-dfbd31,Company_190,DevTools,UK,04-12-2023,partner,Enterprise,14,False,False
A-8e47ca,Company_191,HealthTech,US,15-02-2024,organic,Pro,19,False,False
A-4437e4,Company_192,Cybersecurity,US,16-09-2023,event,Enterprise,3,False,False
A-779e4e,Company_193,HealthTech,US,02-01-2023,organic,Basic,5,False,False
A-53f4e3,Company_194,Cybersecurity,UK,14-06-2024,event,Enterprise,13,False,False
A-692f18,Company_195,EdTech,US,28-03-2024,other,Basic,5,True,True
A-13466a,Company_196,DevTools,AU,22-10-2023,event,Basic,2,False,True
A-1986ca,Company_197,HealthTech,IN,30-01-2023,ads,Pro,20,False,False
A-0cc442,Company_198,EdTech,US,18-07-2024,organic,Basic,45,False,False
A-c608c8,Company_199,DevTools,DE,27-04-2023,ads,Pro,3,False,True
A-3be56b,Company_200,HealthTech,IN,26-10-2023,event,Pro,3,False,True
A-354f12,Company_201,FinTech,US,28-04-2024,ads,Pro,1,True,False
A-68f37c,Company_202,HealthTech,US,15-07-2023,ads,Basic,4,False,False
A-aa9511,Company_203,DevTools,US,10-10-2023,other,Pro,23,True,False
A-af0cd2,Company_204,Cybersecurity,IN,03-01-2023,other,Enterprise,19,True,False
A-bd4513,Company_205,DevTools,AU,06-11-2024,event,Enterprise,50,True,False
A-c222ab,Company_206,Cybersecurity,US,10-05-2024,other,Pro,32,False,True
A-34d880,Company_207,Cybersecurity,AU,11-04-2024,ads,Enterprise,4,False,False
A-508199,Company_208,FinTech,AU,28-01-2024,event,Basic,19,False,False
A-f03140,Company_209,DevTools,IN,22-11-2023,event,Pro,27,True,False
A-410e86,Company_210,FinTech,US,10-11-2024,organic,Basic,24,False,False
A-fa2041,Company_211,HealthTech,US,29-05-2024,organic,Pro,15,True,False
A-de58ca,Company_212,HealthTech,DE,13-04-2023,organic,Enterprise,15,False,False
A-05d3b3,Company_213,DevTools,AU,28-05-2023,ads,Basic,9,True,False
A-249769,Company_214,Cybersecurity,US,25-04-2024,event,Enterprise,4,False,True
A-e43bf7,Company_215,Cybersecurity,AU,24-03-2023,other,Pro,44,False,False
A-eb2fdc,Company_216,DevTools,AU,21-11-2023,organic,Enterprise,31,False,True
A-e1462e,Company_217,FinTech,UK,12-03-2023,partner,Basic,15,False,False
A-cab532,Company_218,DevTools,FR,03-04-2023,organic,Pro,11,True,False
A-9123ac,Company_219,Cybersecurity,DE,20-06-2023,organic,Pro,9,False,False
A-6e08f3,Company_220,Cybersecurity,US,27-02-2023,event,Basic,8,False,False
A-d922bf,Company_221,HealthTech,US,08-09-2023,ads,Basic,5,True,True
A-8ed5dd,Company_222,EdTech,UK,29-06-2023,event,Enterprise,5,False,True
A-7c6b6b,Company_223,FinTech,US,30-11-2024,other,Basic,6,False,False
A-3c1a3f,Company_224,DevTools,UK,26-08-2023,event,Pro,1,False,False
A-b48f73,Company_225,EdTech,AU,13-11-2024,event,Pro,80,True,False
A-76fa4d,Company_226,HealthTech,US,24-11-2024,event,Pro,69,False,False
A-b2af2e,Company_227,Cybersecurity,UK,24-08-2024,event,Enterprise,5,False,False
A-9bfc9f,Company_228,DevTools,CA,14-09-2023,ads,Pro,53,False,False
A-4ae22a,Company_229,EdTech,US,09-05-2024,other,Pro,6,False,True
A-fda07f,Company_230,Cybersecurity,FR,11-08-2024,partner,Basic,7,False,False
A-de24d5,Company_231,DevTools,US,05-11-2024,other,Enterprise,5,True,False
A-977ca0,Company_232,HealthTech,IN,20-02-2023,partner,Basic,6,False,True
A-ab438f,Company_233,Cybersecurity,US,13-09-2024,ads,Enterprise,13,False,True
A-e89151,Company_234,FinTech,UK,14-09-2023,organic,Pro,8,True,True
A-40906c,Company_235,EdTech,US,27-03-2024,ads,Basic,92,False,False
A-81edc3,Company_236,Cybersecurity,IN,30-10-2023,ads,Basic,5,False,False
A-328bd0,Company_237,HealthTech,AU,16-05-2023,partner,Enterprise,18,False,False
A-b3fe05,Company_238,Cybersecurity,CA,28-05-2024,partner,Pro,8,False,False
A-09540c,Company_239,Cybersecurity,CA,30-10-2023,event,Basic,67,True,False
A-e693b6,Company_240,FinTech,AU,25-05-2023,event,Enterprise,55,False,True
A-2446e3,Company_241,EdTech,IN,10-01-2024,organic,Pro,27,False,False
A-241e75,Company_242,EdTech,US,03-07-2024,partner,Enterprise,3,False,False
A-922109,Company_243,Cybersecurity,US,26-01-2024,ads,Pro,3,False,False
A-ff3c73,Company_244,HealthTech,AU,26-01-2023,other,Pro,21,False,False
A-8b0451,Company_245,FinTech,UK,16-09-2024,event,Enterprise,41,False,False
A-331424,Company_246,DevTools,US,06-11-2023,organic,Basic,11,False,False
A-51ec1b,Company_247,DevTools,US,08-11-2023,ads,Enterprise,7,False,False
A-bcf664,Company_248,DevTools,US,19-05-2023,other,Pro,5,False,False
A-90a8c8,Company_249,FinTech,AU,24-08-2024,organic,Pro,15,False,False
A-86cdb4,Company_250,DevTools,DE,22-09-2024,partner,Basic,2,False,False
A-4bfa33,Company_251,Cybersecurity,US,07-12-2024,event,Basic,8,True,False
A-dbc825,Company_252,EdTech,FR,07-01-2024,partner,Enterprise,19,False,False
A-c70870,Company_253,Cybersecurity,US,22-10-2024,partner,Basic,31,False,False
A-7c4956,Company_254,DevTools,US,06-05-2023,ads,Enterprise,5,False,True
A-0651a4,Company_255,HealthTech,FR,16-10-2024,organic,Pro,16,False,False
A-3ce5b8,Company_256,FinTech,IN,07-09-2023,ads,Basic,8,False,True
A-bd4708,Company_257,FinTech,US,21-07-2024,ads,Pro,37,True,False
A-993085,Company_258,HealthTech,US,01-06-2023,ads,Basic,31,True,False
A-92a3af,Company_259,Cybersecurity,IN,07-07-2024,organic,Enterprise,25,False,False
A-151c9a,Company_260,FinTech,US,27-01-2023,ads,Enterprise,23,False,False
A-474ad4,Company_261,EdTech,US,28-11-2023,organic,Basic,8,False,False
A-4ef964,Company_262,HealthTech,US,07-03-2024,organic,Pro,17,False,False
A-fd9422,Company_263,Cybersecurity,US,04-04-2024,organic,Pro,58,False,False
A-0baac2,Company_264,FinTech,DE,30-05-2024,organic,Enterprise,14,False,True
A-bb1486,Company_265,HealthTech,US,05-11-2024,organic,Basic,41,False,False
A-560d27,Company_266,DevTools,US,05-05-2024,organic,Pro,23,False,False
A-0b0d6d,Company_267,DevTools,US,30-12-2024,organic,Pro,3,False,False
A-2789e3,Company_268,FinTech,US,14-09-2024,partner,Enterprise,11,False,False
A-b07346,Company_269,HealthTech,US,10-10-2024,partner,Pro,51,False,True
A-902ef7,Company_270,HealthTech,US,03-09-2024,other,Enterprise,83,False,True
A-20736a,Company_271,EdTech,IN,16-03-2024,organic,Enterprise,50,False,False
A-e4bf56,Company_272,HealthTech,IN,28-10-2024,ads,Pro,17,False,True
A-cea1f0,Company_273,FinTech,US,07-04-2024,event,Pro,8,False,True
A-ef84cf,Company_274,EdTech,US,01-03-2024,partner,Enterprise,8,False,False
A-d49cc5,Company_275,Cybersecurity,FR,19-09-2023,event,Basic,50,False,False
A-67be94,Company_276,EdTech,US,04-04-2023,organic,Enterprise,26,False,False
A-4e960a,Company_277,FinTech,US,17-01-2024,other,Enterprise,12,True,True
A-c37cab,Company_278,Cybersecurity,UK,29-07-2024,event,Pro,13,False,False
A-533452,Company_279,DevTools,AU,12-11-2024,organic,Pro,9,False,False
A-443b7c,Company_280,Cybersecurity,US,06-09-2024,other,Enterprise,1,False,True
A-1f7acb,Company_281,FinTech,UK,06-08-2023,ads,Basic,64,True,False
A-f51f16,Company_282,HealthTech,US,25-12-2023,partner,Enterprise,1,False,False
A-5a3eb9,Company_283,DevTools,CA,20-08-2023,other,Enterprise,18,True,False
A-5f2961,Company_284,HealthTech,US,22-11-2024,partner,Basic,4,False,False
A-417d2f,Company_285,Cybersecurity,IN,04-07-2023,partner,Pro,4,True,False
A-e98302,Company_286,EdTech,US,26-12-2023,ads,Enterprise,16,True,False
A-8bde0c,Company_287,DevTools,US,04-11-2024,organic,Basic,12,False,False
A-bcf87c,Company_288,FinTech,US,27-06-2024,event,Pro,10,False,True
A-54ecc2,Company_289,Cybersecurity,US,11-06-2023,partner,Enterprise,4,False,False
A-625d0b,Company_290,EdTech,AU,02-09-2024,ads,Basic,9,False,False
A-fce879,Company_291,EdTech,UK,24-09-2024,partner,Pro,10,True,True
A-b07b56,Company_292,DevTools,US,08-11-2024,event,Pro,25,False,True
A-6da850,Company_293,FinTech,IN,07-10-2023,organic,Pro,5,False,False
A-342303,Company_294,EdTech,US,16-03-2024,other,Pro,1,True,False
A-e7a1e2,Company_295,Cybersecurity,US,23-06-2024,event,Enterprise,3,False,False
A-f1f639,Company_296,EdTech,US,26-02-2023,ads,Basic,2,False,False
A-a865bd,Company_297,Cybersecurity,US,19-09-2023,organic,Pro,38,False,False
A-4e631b,Company_298,FinTech,US,16-03-2024,other,Enterprise,22,False,False
A-7f6b86,Company_299,HealthTech,US,24-08-2023,partner,Basic,45,True,True
A-8adedc,Company_300,EdTech,US,11-02-2024,event,Basic,4,True,True
A-2edab2,Company_301,HealthTech,US,17-11-2023,event,Enterprise,17,False,False
A-149a69,Company_302,DevTools,US,17-10-2024,event,Basic,34,False,False
A-a6d261,Company_303,FinTech,CA,29-11-2023,other,Pro,9,False,False
A-443f6f,Company_304,Cybersecurity,US,07-12-2024,organic,Basic,19,False,False
A-202b67,Company_305,HealthTech,US,22-03-2024,organic,Pro,11,False,False
A-00bed1,Company_306,Cybersecurity,US,14-11-2023,ads,Basic,28,True,False
A-ffc04f,Company_307,EdTech,US,06-06-2024,ads,Pro,13,False,False
A-65c341,Company_308,FinTech,US,26-12-2023,ads,Pro,11,True,False
A-dcc2f0,Company_309,FinTech,UK,22-07-2023,organic,Basic,15,False,False
A-ced9aa,Company_310,DevTools,US,05-10-2024,other,Enterprise,3,False,False
A-3d957b,Company_311,HealthTech,UK,04-04-2024,other,Pro,14,False,False
A-89ee83,Company_312,Cybersecurity,US,04-10-2024,organic,Pro,1,False,True
A-883b7d,Company_313,Cybersecurity,IN,28-03-2024,other,Basic,17,False,False
A-dcc3f1,Company_314,HealthTech,US,27-12-2023,event,Pro,21,False,False
A-c62e55,Company_315,EdTech,US,08-02-2023,partner,Basic,1,True,False
A-e4144b,Company_316,EdTech,UK,22-10-2024,other,Pro,41,False,False
A-e40f45,Company_317,HealthTech,US,18-04-2024,organic,Pro,21,False,False
A-96215d,Company_318,FinTech,US,08-08-2024,event,Enterprise,10,False,False
A-2b9d3e,Company_319,EdTech,US,04-06-2023,partner,Enterprise,1,False,False
A-b7724f,Company_320,HealthTech,UK,28-03-2023,organic,Basic,1,False,False
A-310452,Company_321,DevTools,FR,25-12-2024,other,Enterprise,9,False,False
A-eb1312,Company_322,FinTech,US,16-09-2024,partner,Pro,25,False,False
A-df1e44,Company_323,Cybersecurity,UK,23-02-2024,organic,Enterprise,12,False,False
A-6a7c9d,Company_324,Cybersecurity,US,24-10-2024,organic,Enterprise,26,False,True
A-cbd1a3,Company_325,DevTools,US,25-11-2024,other,Basic,6,False,True
A-a8d89d,Company_326,EdTech,US,08-12-2023,ads,Pro,13,False,False
A-600734,Company_327,DevTools,US,14-11-2023,organic,Pro,29,True,True
A-86fc1d,Company_328,DevTools,UK,26-07-2024,partner,Basic,26,False,False
A-78f02b,Company_329,HealthTech,US,17-11-2024,event,Enterprise,11,False,False
A-acb7f7,Company_330,EdTech,US,06-01-2024,ads,Basic,32,False,False
A-712f1c,Company_331,DevTools,US,16-12-2023,ads,Basic,17,False,True
A-3793ee,Company_332,Cybersecurity,CA,21-03-2023,organic,Enterprise,49,True,False
A-9a532a,Company_333,HealthTech,US,06-07-2024,partner,Enterprise,11,False,False
A-2ebb4b,Company_334,HealthTech,US,15-05-2023,ads,Basic,41,False,False
A-6843f2,Company_335,HealthTech,CA,10-12-2024,ads,Enterprise,21,False,False
A-c9bb3e,Company_336,EdTech,US,24-03-2024,ads,Pro,5,False,False
A-4814a3,Company_337,Cybersecurity,IN,17-09-2024,event,Basic,87,False,True
A-b7b7b7,Company_338,FinTech,US,30-06-2024,event,Basic,24,False,True
A-ccc747,Company_339,HealthTech,FR,12-01-2024,event,Pro,16,False,True
A-bb3bd4,Company_340,HealthTech,US,27-01-2024,ads,Basic,23,False,False
A-09316c,Company_341,FinTech,AU,11-09-2024,organic,Enterprise,70,False,False
A-96bbc6,Company_342,Cybersecurity,US,07-05-2024,organic,Enterprise,39,False,False
A-bc4d48,Company_343,EdTech,US,12-06-2024,ads,Pro,35,True,False
A-b30291,Company_344,HealthTech,US,05-04-2024,event,Basic,5,True,True
A-cdf020,Company_345,DevTools,AU,16-08-2023,organic,Pro,23,False,False
A-e6afc1,Company_346,DevTools,US,24-02-2023,ads,Pro,1,False,False
A-e3bd71,Company_347,Cybersecurity,US,25-03-2023,partner,Basic,31,False,False
A-b179bf,Company_348,Cybersecurity,IN,27-10-2024,ads,Basic,43,False,False
A-098560,Company_349,DevTools,UK,21-10-2023,ads,Enterprise,1,False,True
A-82861f,Company_350,DevTools,UK,25-04-2024,organic,Basic,41,False,False
A-94c3cd,Company_351,FinTech,CA,20-09-2023,other,Enterprise,32,False,False
A-a33200,Company_352,HealthTech,US,15-09-2024,partner,Basic,29,False,False
A-034368,Company_353,EdTech,US,05-11-2023,event,Enterprise,19,False,False
A-b54c01,Company_354,DevTools,US,29-09-2024,event,Enterprise,29,False,False
A-d82ef9,Company_355,EdTech,UK,02-07-2024,other,Basic,26,False,True
A-bb2f49,Company_356,Cybersecurity,US,28-05-2023,other,Pro,8,False,False
A-1f559b,Company_357,HealthTech,US,04-09-2023,organic,Enterprise,5,True,True
A-5a215a,Company_358,EdTech,FR,05-01-2024,other,Enterprise,87,False,False
A-3f9cc0,Company_359,HealthTech,US,03-06-2024,event,Basic,22,False,False
A-f9cc74,Company_360,DevTools,FR,12-10-2024,partner,Enterprise,30,True,False
A-ed510f,Company_361,Cybersecurity,IN,17-01-2023,partner,Basic,42,False,False
A-5c9849,Company_362,EdTech,IN,03-11-2024,partner,Basic,19,False,False
A-a7bd4b,Company_363,Cybersecurity,US,15-02-2023,ads,Enterprise,5,False,False
A-d4ac0e,Company_364,DevTools,UK,20-04-2024,ads,Basic,18,False,False
A-ffdfd5,Company_365,EdTech,US,13-04-2024,organic,Basic,3,False,True
A-0dbdc6,Company_366,Cybersecurity,DE,12-02-2023,other,Pro,30,False,True
A-7cfe77,Company_367,DevTools,US,10-07-2024,ads,Pro,69,False,False
A-1f0636,Company_368,EdTech,AU,01-01-2024,partner,Pro,105,False,False
A-40de06,Company_369,Cybersecurity,US,08-05-2023,event,Enterprise,28,False,True
A-cb5333,Company_370,DevTools,US,26-03-2024,ads,Pro,33,False,False
A-309e54,Company_371,DevTools,US,09-12-2024,other,Pro,15,False,False
A-6e7827,Company_372,DevTools,US,26-03-2023,other,Basic,1,False,False
A-50bb9f,Company_373,Cybersecurity,US,12-07-2024,organic,Pro,2,False,False
A-5fe118,Company_374,Cybersecurity,US,07-11-2024,other,Enterprise,39,False,False
A-5247b3,Company_375,FinTech,UK,12-03-2024,partner,Pro,16,True,False
A-f44180,Company_376,Cybersecurity,UK,13-02-2023,event,Pro,9,False,False
A-c16cf7,Company_377,EdTech,US,16-10-2024,event,Pro,13,True,False
A-d42431,Company_378,FinTech,FR,09-06-2024,ads,Enterprise,22,True,False
A-6965e1,Company_379,DevTools,US,25-11-2024,organic,Basic,13,False,False
A-0354fe,Company_380,Cybersecurity,US,22-10-2024,other,Basic,34,False,False
A-0a62f5,Company_381,FinTech,UK,11-09-2024,partner,Pro,16,False,False
A-f5641b,Company_382,EdTech,US,30-03-2024,other,Pro,31,False,False
A-b44e3e,Company_383,Cybersecurity,UK,12-02-2024,ads,Basic,40,False,False
A-3b37d9,Company_384,FinTech,US,27-01-2023,event,Enterprise,23,False,False
A-54d94a,Company_385,Cybersecurity,IN,01-05-2023,event,Basic,27,False,False
A-7f29a7,Company_386,Cybersecurity,UK,18-09-2024,event,Basic,41,True,False
A-089363,Company_387,FinTech,AU,06-05-2023,event,Basic,2,False,False
A-524364,Company_388,DevTools,FR,31-12-2024,partner,Enterprise,3,False,False
A-855a48,Company_389,EdTech,US,22-12-2023,partner,Pro,14,True,False
A-756192,Company_390,FinTech,IN,11-06-2023,other,Basic,19,False,False
A-49b828,Company_391,FinTech,IN,05-05-2023,ads,Pro,6,False,False
A-c7ffc2,Company_392,Cybersecurity,US,27-01-2023,partner,Pro,30,True,False
A-751c58,Company_393,FinTech,UK,18-07-2024,organic,Basic,15,False,False
A-72799b,Company_394,DevTools,FR,13-11-2023,event,Enterprise,20,False,True
A-812c5b,Company_395,DevTools,CA,25-02-2024,organic,Basic,55,False,True
A-69b156,Company_396,EdTech,US,21-11-2023,other,Pro,7,False,True
A-075038,Company_397,HealthTech,UK,12-05-2023,ads,Basic,17,False,False
A-940b8b,Company_398,HealthTech,DE,19-03-2024,organic,Basic,1,False,False
A-2d1036,Company_399,FinTech,US,14-06-2024,ads,Pro,69,False,True
A-0f6450,Company_400,FinTech,US,27-12-2024,other,Pro,28,True,True
A-9affe6,Company_401,Cybersecurity,US,22-03-2023,other,Pro,7,False,False
A-80eeb6,Company_402,Cybersecurity,UK,09-05-2023,organic,Enterprise,22,False,False
A-d4e0d4,Company_403,FinTech,US,18-10-2024,other,Basic,117,False,False
A-c7e58b,Company_404,HealthTech,IN,25-06-2023,other,Pro,3,False,False
A-016043,Company_405,EdTech,CA,31-07-2024,organic,Basic,4,True,False
A-bbe56f,Company_406,HealthTech,US,16-02-2023,ads,Enterprise,21,False,False
A-7c5768,Company_407,HealthTech,UK,02-03-2024,event,Enterprise,3,False,False
A-751bd4,Company_408,Cybersecurity,UK,12-07-2024,partner,Pro,10,False,False
A-4e0e85,Company_409,DevTools,US,08-09-2023,organic,Enterprise,6,False,False
A-ad3abd,Company_410,FinTech,US,03-03-2023,event,Pro,44,False,False
A-e19ff6,Company_411,Cybersecurity,UK,28-07-2023,partner,Enterprise,1,False,False
A-7920cc,Company_412,Cybersecurity,FR,23-11-2023,ads,Pro,39,False,False
A-5a92e7,Company_413,HealthTech,US,11-06-2024,ads,Pro,4,False,False
A-fdfc91,Company_414,Cybersecurity,US,06-05-2023,ads,Basic,29,False,False
A-1e50e0,Company_415,Cybersecurity,DE,21-02-2023,other,Pro,19,True,True
A-1e1b80,Company_416,FinTech,CA,12-09-2023,other,Enterprise,50,False,False
A-659280,Company_417,FinTech,IN,17-11-2023,event,Enterprise,13,True,True
A-f6b2fb,Company_418,DevTools,AU,23-04-2024,event,Basic,23,False,False
A-cb6cc6,Company_419,DevTools,US,03-04-2023,ads,Basic,13,True,False
A-d62e02,Company_420,Cybersecurity,US,20-08-2024,partner,Pro,6,False,False
A-d535f6,Company_421,DevTools,US,03-09-2024,organic,Basic,12,True,True
A-39868b,Company_422,FinTech,AU,17-03-2024,partner,Pro,9,False,False
A-3cc791,Company_423,EdTech,US,10-01-2024,other,Enterprise,6,False,False
A-337bc1,Company_424,Cybersecurity,US,19-07-2023,organic,Pro,30,True,False
A-58b9ff,Company_425,DevTools,IN,31-05-2024,partner,Enterprise,2,False,False
A-bf7919,Company_426,HealthTech,US,27-11-2024,organic,Pro,3,False,False
A-1d5444,Company_427,Cybersecurity,US,18-01-2024,partner,Basic,24,False,True
A-0f3e88,Company_428,HealthTech,US,23-07-2023,other,Basic,7,False,True
A-7641d3,Company_429,EdTech,US,16-02-2023,partner,Pro,8,True,True
A-cd458b,Company_430,DevTools,US,15-06-2024,other,Basic,10,True,False
A-c16b88,Company_431,HealthTech,US,02-12-2023,event,Enterprise,23,False,False
A-59f724,Company_432,HealthTech,US,03-11-2023,other,Enterprise,3,True,False
A-87aa7b,Company_433,HealthTech,US,16-05-2024,organic,Pro,24,True,False
A-1e6fc3,Company_434,EdTech,FR,06-12-2023,other,Pro,1,False,False
A-39ddf4,Company_435,EdTech,US,05-12-2024,partner,Enterprise,40,False,False
A-34ea2f,Company_436,HealthTech,US,15-08-2024,organic,Enterprise,8,False,True
A-716841,Company_437,FinTech,US,06-05-2024,other,Pro,45,False,False
A-558c72,Company_438,FinTech,US,01-06-2023,organic,Basic,12,False,False
A-b11cd0,Company_439,DevTools,US,20-01-2023,ads,Pro,26,True,True
A-cc1d8d,Company_440,FinTech,US,08-12-2024,other,Pro,5,False,False
A-7f4db3,Company_441,FinTech,US,05-03-2023,other,Pro,4,False,False
A-db5e9e,Company_442,DevTools,US,09-11-2024,partner,Basic,4,False,False
A-cc102e,Company_443,HealthTech,US,15-04-2024,partner,Enterprise,13,False,False
A-82d8a6,Company_444,Cybersecurity,UK,28-11-2024,ads,Basic,5,False,False
A-dec005,Company_445,HealthTech,US,13-10-2023,partner,Pro,21,False,False
A-5790f4,Company_446,FinTech,UK,22-12-2024,event,Pro,1,True,False
A-7c83a1,Company_447,Cybersecurity,US,06-05-2024,partner,Pro,12,False,False
A-297a2d,Company_448,HealthTech,UK,05-05-2023,event,Pro,27,False,False
A-4c56c9,Company_449,FinTech,US,20-12-2023,partner,Enterprise,9,False,True
A-cbbe12,Company_450,Cybersecurity,DE,22-03-2023,partner,Enterprise,40,False,False
A-4a267b,Company_451,FinTech,US,05-05-2024,other,Pro,25,False,False
A-bcbe98,Company_452,Cybersecurity,US,29-07-2024,other,Enterprise,46,False,False
A-427b69,Company_453,FinTech,US,23-08-2024,other,Basic,17,False,False
A-0be015,Company_454,FinTech,US,15-10-2024,event,Pro,19,False,False
A-054577,Company_455,EdTech,UK,28-04-2024,ads,Basic,2,False,False
A-bc87bc,Company_456,FinTech,US,17-07-2024,event,Pro,3,False,False
A-0f7d77,Company_457,FinTech,IN,28-10-2024,partner,Pro,3,False,False
A-e7beab,Company_458,EdTech,DE,20-10-2023,organic,Enterprise,5,False,False
A-a09355,Company_459,FinTech,US,10-08-2024,organic,Basic,14,False,False
A-31ab9a,Company_460,FinTech,DE,03-03-2024,organic,Pro,3,False,False
A-0158bb,Company_461,FinTech,DE,22-05-2024,partner,Basic,5,False,False
A-f19b24,Company_462,Cybersecurity,US,10-01-2023,organic,Pro,29,True,False
A-798a3f,Company_463,DevTools,FR,19-10-2023,other,Enterprise,12,False,True
A-42b791,Company_464,FinTech,AU,20-05-2024,event,Pro,3,False,False
A-068fc6,Company_465,EdTech,US,17-07-2023,event,Enterprise,35,False,False
A-6f50ae,Company_466,FinTech,US,21-09-2023,partner,Pro,19,False,True
A-a2485e,Company_467,FinTech,US,04-08-2024,event,Pro,3,True,False
A-bb1eaa,Company_468,Cybersecurity,US,11-06-2024,organic,Basic,21,False,False
A-cc98bc,Company_469,DevTools,US,24-05-2023,ads,Basic,32,False,False
A-d77f4c,Company_470,DevTools,US,25-09-2023,partner,Pro,4,True,False
A-ccabf0,Company_471,HealthTech,IN,06-11-2023,organic,Pro,1,False,False
A-700ade,Company_472,Cybersecurity,UK,31-10-2024,organic,Enterprise,1,True,False
A-4a4c2d,Company_473,DevTools,US,02-05-2023,event,Enterprise,54,False,False
A-b7ef83,Company_474,Cybersecurity,UK,29-05-2024,partner,Pro,1,True,False
A-e08cd3,Company_475,FinTech,US,21-09-2024,ads,Pro,67,True,False
A-19b2c8,Company_476,DevTools,IN,06-06-2023,other,Pro,20,False,False
A-970c97,Company_477,HealthTech,DE,01-03-2024,other,Enterprise,14,False,False
A-6dee43,Company_478,FinTech,UK,12-08-2023,other,Basic,3,True,False
A-5ed98d,Company_479,DevTools,US,22-06-2024,partner,Basic,24,False,False
A-c58f49,Company_480,EdTech,US,31-07-2024,other,Enterprise,70,True,False
A-9c18c4,Company_481,HealthTech,US,27-07-2023,ads,Pro,11,False,True
A-cc8c8f,Company_482,DevTools,US,16-06-2024,ads,Enterprise,23,False,False
A-5f7781,Company_483,DevTools,US,20-08-2024,other,Pro,22,False,False
A-e1b9cd,Company_484,DevTools,US,26-02-2023,event,Pro,40,False,True
A-ac85cd,Company_485,EdTech,US,31-07-2024,partner,Enterprise,53,False,False
A-d792a6,Company_486,DevTools,US,23-01-2023,organic,Enterprise,4,False,False
A-ac9111,Company_487,HealthTech,US,12-08-2023,event,Pro,21,True,False
A-18793f,Company_488,EdTech,US,18-12-2024,organic,Basic,148,True,False
A-9f0b68,Company_489,EdTech,US,28-04-2024,ads,Basic,10,False,False
A-d3c88e,Company_490,DevTools,US,18-10-2024,event,Pro,16,False,False
A-ccb686,Company_491,DevTools,US,22-01-2024,other,Basic,10,False,False
A-118f1c,Company_492,Cybersecurity,US,31-10-2024,other,Pro,32,False,False
A-0e966d,Company_493,FinTech,IN,25-06-2024,ads,Basic,11,False,True
A-b9f5b1,Company_494,Cybersecurity,US,24-01-2023,other,Pro,15,True,False
A-8ae3fc,Company_495,DevTools,CA,28-06-2024,ads,Pro,9,False,False
A-55f257,Company_496,FinTech,US,21-12-2023,organic,Basic,9,False,False
A-d26ab4,Company_497,DevTools,UK,07-11-2024,organic,Basic,9,False,True
A-712533,Company_498,EdTech,US,31-07-2023,organic,Pro,18,False,False
A-781cc0,Company_499,EdTech,US,04-09-2024,organic,Pro,12,False,False
A-000001,Company_361,Cybersecurity,IN,17-01-2023,partner,Basic,42,False,False
A-000002,Company_73,Cybersecurity,US,04-12-2024,partner,Basic,37,False,False
A-000003,Company_374,Cybersecurity,US,07-11-2024,other,Enterprise,39,False,True
A-9289f6,Company_104,EdTech,US,31-05-2023,event,Enterprise,1,False,True
A-000004,Company_394,DevTools,FR,13-11-2023,event,Enterprise,20,False,True
A-000005,Company_377,EdTech,US,16-10-2024,event,Pro,13,True,False
A-000006,Company_124,DevTools,DE,19-06-2023,other,Enterprise,1,False,True
A-000007,Company_450,Cybersecurity,DE,22-03-2023,partner,Enterprise,40,False,True
A-000008,Company_9,DevTools,US,08-05-2023,partner,Enterprise,14,False,True
A-000009,Company_194,Cybersecurity,UK,14-06-2024,event,Enterprise,13,False,False
A-00000a,Company_371,DevTools,US,09-12-2024,other,Pro,15,False,False
A-00000b,Company_388,DevTools,FR,31-12-2024,partner,Enterprise,3,False,False
A-00000c,Company_495,DevTools,CA,28-06-2024,ads,Pro,9,False,False
A-00000d,Company_316,EdTech,UK,22-10-2024,other,Pro,41,False,False
A-00000e,Company_490,DevTools,US,18-10-2024,event,Pro,16,False,False
A-00000f,Company_491,DevTools,US,22-01-2024,other,Basic,10,False,False
A-000010,Company_280,Cybersecurity,US,06-09-2024,other,Enterprise,1,False,True
A-000011,Company_356,Cybersecurity,US,28-05-2023,other,Pro,8,False,False
A-000012,Company_76,HealthTech,IN,28-03-2024,other,Basic,44,False,False
A-000013,Company_211,HealthTech,US,29-05-2024,organic,Pro,15,True,False
A-000014,Company_101,HealthTech,US,07-08-2023,ads,Enterprise,20,False,False
A-000015,Company_334,HealthTech,US,15-05-2023,ads,Basic,41,False,False
A-000016,Company_336,EdTech,US,24-03-2024,ads,Pro,5,False,False
A-000017,Company_173,FinTech,US,02-10-2024,organic,Basic,3,False,True
A-000018,Company_2,DevTools,US,27-08-2024,organic,Basic,1,False,False
A-000019,Company_333,HealthTech,US,06-07-2024,partner,Enterprise,11,False,True
A-00001a,Company_409,DevTools,US,08-09-2023,organic,Enterprise,6,False,True
A-00001b,Company_209,DevTools,IN,22-11-2023,event,Pro,27,True,True
A-00001c,Company_384,FinTech,US,27-01-2023,event,Enterprise,23,False,False
A-00001d,Company_93,FinTech,US,17-11-2024,organic,Enterprise,31,False,False
A-00001e,Company_485,EdTech,US,31-07-2024,partner,Enterprise,53,False,False
A-00001f,Company_185,HealthTech,US,21-11-2024,organic,Enterprise,10,True,True
A-000020,Company_33,Cybersecurity,AU,25-04-2023,partner,Basic,2,True,True
A-ee42db,Company_77,EdTech,DE,25-04-2023,ads,Enterprise,13,False,True
A-000021,Company_0,EdTech,US,16-10-2024,partner,Basic,9,False,False
A-000022,Company_11,FinTech,IN,08-11-2024,organic,Basic,59,False,False
A-000023,Company_22,DevTools,US,20-08-2024,ads,Enterprise,3,False,True
